name                           | color  | lambda (anonymous function)       | notes                                                            | | | | | | | | | | | github order number| xl order number
JavaScript                     | #f1e05a| yes                               |                                                                  | | | | | | | | | | |                 213|               1
Python                         | #3572A5| yes                               |                                                                  | | | | | | | | | | |                 357|               2
PHP                            | #4F5D95| yes                               |                                                                  | | | | | | | | | | |                 324|               3
Go                             | #00ADD8| yes                               |                                                                  | | | | | | | | | | |                 169|               4
Perl                           | #0298c3| yes                               |                                                                  | | | | | | | | | | |                 335|               5
Julia                          | #a270ba| yes                               |                                                                  | | | | | | | | | | |                 220|               6
Lua                            | #000080| yes                               |                                                                  | | | | | | | | | | |                 253|               7
Ruby                           | #701516| yes                               |                                                                  | | | | | | | | | | |                 388|               8
R                              | #198CE7| yes                               |                                                                  | | | | | | | | | | |                 366|               9
Kotlin                         | #A97BFF| yes                               |                                                                  | | | | | | | | | | |                 231|              10
Swift                          | #F05138| yes                               |                                                                  | | | | | | | | | | |                 423|              11
Dart                           | #00B4AB| yes                               |                                                                  | | | | | | | | | | |                 103|              12
Visual Basic .NET              | #945db7| yes                               |                                                                  | | | | | | | | | | |                 458|              13
C#                             | #7355dd| yes                               |                                                                  | | | | | | | | | | |                  57|              14
MATLAB                         | #e16737| yes                               |                                                                  | | | | | | | | | | |                 255|              15
Wolfram Language               | #dd1100| yes                               |                                                                  | | | | | | | | | | |                 467|              16
Raku                           | #0000fb| yes                               |                                                                  | | | | | | | | | | |                 372|              17
Scala                          | #c22d40| yes                               |                                                                  | | | | | | | | | | |                 396|              18
Java                           | #b07219| yes                               |                                                                  | | | | | | | | | | |                 210|              19
Nu                             | #c9df40| yes                               |                                                                  | | | | | | | | | | |                 299|              20
Elvish                         | #55BB55| yes                               |                                                                  | | | | | | | | | | |                 121|              21
Vim script                     | #199f4b| yes                               |                                                                  | | | | | | | | | | |                 457|              22
Rust                           | #dea584| yes                               |                                                                  | | | | | | | | | | |                 389|              23
Nix                            | #7e7eff| yes                               |                                                                  | | | | | | | | | | |                 297|              24
Tcl                            | #e4cc98| yes                               |                                                                  | | | | | | | | | | |                 433|              25
GDScript                       | #355570| yes                               |                                                                  | | | | | | | | | | |                 152|              26
Typst                          | #239dad| no                                |                                                                  | | | | | | | | | | |                 443|              27
PowerShell                     | #012456| yes                               |                                                                  | | | | | | | | | | |                 345|              28
Elixir                         | #6e4a7e| yes                               |                                                                  | | | | | | | | | | |                 119|              29
OCaml                          | #ef7a08| yes                               |                                                                  | | | | | | | | | | |                 302|              30
Erlang                         | #B83998| yes                               |                                                                  | | | | | | | | | | |                 125|              31
Gleam                          | #ffaff3| yes                               |                                                                  | | | | | | | | | | |                 163|              32
Zig                            | #ec915c| no                                |                                                                  | | | | | | | | | | |                 485|              33
Nim                            | #ffc200| yes                               |                                                                  | | | | | | | | | | |                 295|              34
Odin                           | #60AFFE| yes                               |                                                                  | | | | | | | | | | |                 309|              35
C++                            | #f34b7d| yes                               |                                                                  | | | | | | | | | | |                  58|              36
Objective-C                    | #438eff| yes                               |                                                                  | | | | | | | | | | |                 306|              37
Smalltalk                      | #596706| yes                               |                                                                  | | | | | | | | | | |                 409|              38
ActionScript                   | #882B0F| yes                               |                                                                  | | | | | | | | | | |                  14|              39
Groovy                         | #4298b8| yes                               |                                                                  | | | | | | | | | | |                 174|              40
Cangjie                        | #00868B| yes                               |                                                                  | | | | | | | | | | |                  70|              41
C3                             | #2563eb| yes                               |                                                                  | | | | | | | | | | |                  59|              42
C                              | #555555| no                                |                                                                  | | | | | | | | | | |                  56|              43
D                              | #ba595e| yes                               |                                                                  | | | | | | | | | | |                 100|              44
V                              | #4f87c4| yes                               |                                                                  | | | | | | | | | | |                 449|              45
Vala                           | #a56de2| yes                               |                                                                  | | | | | | | | | | |                 454|              46
Crystal                        | #000100| yes                               |                                                                  | | | | | | | | | | |                  92|              47
Wren                           | #383838| yes                               |                                                                  | | | | | | | | | | |                 469|              48
Pike                           | #005390| yes                               |                                                                  | | | | | | | | | | |                 338|              49
1C Enterprise                  | #814CCC| no                                | Pascal-style                                                     | | | | | | | | | | |                   1|                
4D                             | #004289| yes                               | lambda exist but no linux support                                | | | | | | | | | | |                   2|                
ABAP                           | #E8274B| no                                | Pascal-style                                                     | | | | | | | | | | |                   3|                
ABAP CDS                       | #555e25| no                                | Pascal-style                                                     | | | | | | | | | | |                   4|                
AGS Script                     | #B9D9FF| no                                | No lambda                                                        | | | | | | | | | | |                   5|                
AIDL                           | #34EB6B| no, Not programming/scripting lang| Not programming/scripting lang                                   | | | | | | | | | | |                   6|                
AL                             | #3AA2B5| no                                | Pascal-style                                                     | | | | | | | | | | |                   7|                
ALGOL                          | #D1E0DB| no                                | Pascal-style                                                     | | | | | | | | | | |                   8|                
AMPL                           | #E6EFBB| no, Not programming/scripting lang| Not programming/scripting lang                                   | | | | | | | | | | |                   9|                
ANTLR                          | #9DC3FF| no, parser generator              | Not programming/scripting lang                                   | | | | | | | | | | |                  10|                
APL                            | #5A8164| yes                               | esolang                                                          | | | | | | | | | | |                  11|                
ASP.NET                        | #9400ff| no, framework                     | Not programming/scripting lang                                   | | | | | | | | | | |                  12|                
ATS                            | #1ac620| yes                               | MATCH ATS2 / ATS/Postiats v0.4.2                                 | | | | | | | | | | |                  13|                
Ada                            | #02f88c| yes                               | Pascal-style                                                     | | | | | | | | | | |                  15|                
Agda                           | #315665| yes                               | pure functional, sort of esolang                                 | | | | | | | | | | |                  16|                
Aiken                          | #640ff8| yes                               | Rust wrapper/based/framework, not real programming/scripting lang| | | | | | | | | | |                  17|                
Aleo                           | #154BF9| no                                | No lambda                                                        | | | | | | | | | | |                  18|                
Alloy                          | #64C800| no, modeling lang                 | No lambda                                                        | | | | | | | | | | |                  19|                
Alpine Abuild                  | #0D597F| no, shell script format           | No lambda                                                        | | | | | | | | | | |                  20|                
AngelScript                    | #C7D7DC| yes                               | MATCH v2.39.0 WIP                                                | | | | | | | | | | |                  21|                
Answer Set Programming         | #A9CC29| no                                | Not programming/scripting lang                                   | | | | | | | | | | |                  22|                
Apex                           | #1797c0| no                                | java-style, MATCH API Version 67.0                               | | | | | | | | | | |                  23|                
Apollo Guidance Computer       | #0B3D91| no                                | Not programming/scripting lang                                   | | | | | | | | | | |                  24|                
                               |        |                                   |                                                                  | | | | | | | | | | |                    |                
AppleScript                    | #101F1F| yes                               | MATCH 2.8                                                        | | | | | | | | | | |                  25|                
Arc                            | #aa2afe| yes                               | LISP-style                                                       | | | | | | | | | | |                  26|                
AspectJ                        | #a957b0| yes                               | Java wrapper/based/framework, not real programming/scripting lang| | | | | | | | | | |                  27|                
Assembly                       | #6E4C13| no                                | No lambda                                                        | | | | | | | | | | |                  28|                
Asymptote                      | #ff0000| yes                               | MATCH v3.13                                                      | | | | | | | | | | |                  29|                
Augeas                         | #9CC134| no                                | Not programming/scripting lang                                   | | | | | | | | | | |                  30|                
AutoHotkey                     | #6594b9| yes                               | lambda exist but no linux support, windows only                  | | | | | | | | | | |                  31|                
AutoIt                         | #1C3552| no                                | Pascal-style                                                     | | | | | | | | | | |                  32|                
Awk                            | #c30e9b| no                                | No lambda                                                        | | | | | | | | | | |                  33|                
B                              | #da7666| no                                | Not programming/scripting lang                                   | | | | | | | | | | |                  34|                
B (Formal Method)              | #8aa8c5| no                                | Not programming/scripting lang                                   | | | | | | | | | | |                  35|                
B4X                            | #00e4ff| no                                | Pascal-style                                                     | | | | | | | | | | |                  36|                
BAML                           | #a855f7| no, markup                        | AI agents, MATCH BAML Toolchain v0.6x / v1.0.0 WIP               | | | | | | | | | | |                  37|                
BASIC                          | #ff0000| no                                | Pascal-style                                                     | | | | | | | | | | |                  38|                
BQN                            | #2b7067| yes                               | esolang                                                          | | | | | | | | | | |                  39|                
Ballerina                      | #FF5000| yes                               | MATCH 2201.13.5                                                  | | | | | | | | | | |                  40|                
Batchfile                      | #C1F12E| no                                | No Lambda, no linux support, windows only                        | | | | | | | | | | |                  41|                
Beef                           | #a52f4e| yes                               | C#, MATCH v0.43.5                                                | | | | | | | | | | |                  42|                
Berry                          | #15A13C| yes                               | python, MATCH v1.1.0                                             | | | | | | | | | | |                  43|                
Bicep                          | #519aba| yes                               | Microsoft Azure, MATCH v0.43.x / v0.44.0 WIP                     | | | | | | | | | | |                  44|                
Bison                          | #6A463F| no, parser generator              | Not programming/scripting lang                                   | | | | | | | | | | |                  45|                
BitBake                        | #00bce4| no, build tool                    | Not programming/scripting lang                                   | | | | | | | | | | |                  46|                
BlitzBasic                     | #00FFAE| no                                | Pascal-style                                                     | | | | | | | | | | |                  47|                
BlitzMax                       | #cd6400| yes                               | Pascal-style                                                     | | | | | | | | | | |                  48|                
Bluespec                       | #12223c| yes                               | Verilog MATCH 2026.05                                            | | | | | | | | | | |                  49|                
Bluespec BH                    | #12223c| yes                               | Haskell LISP-style                                               | | | | | | | | | | |                  50|                
Boo                            | #d4bec1| yes                               | Microsoft .NET dotNET MATCH v0.9.8.x / v1.0.0 WIP                | | | | | | | | | | |                  51|                
Boogie                         | #c80fa0| no                                | No Lambda, Microsoft .NET dotNET                                 | | | | | | | | | | |                  52|                
Brainfuck                      | #2F2530| no                                | esolang                                                          | | | | | | | | | | |                  53|                
BrighterScript                 | #66AABB| yes                               | Pascal-style, MATCH, lambda exist Roku OS 15.0                   | | | | | | | | | | |                  54|                
Brightscript                   | #662D91| no                                | Pascal-style, MATCH, lambda exist Roku OS 15.0                   | | | | | | | | | | |                  55|                
CAP CDS                        | #0092d1| no, modeling lang                 |                                                                  | | | | | | | | | | |                  60|                
CLIPS                          | #00A300| no                                |                                                                  | | | | | | | | | | |                  61|                
CMake                          | #DA3434| no                                |                                                                  | | | | | | | | | | |                  62|                
CQL                            | #006091| no, query lang                    |                                                                  | | | | | | | | | | |                  63|                
CUE                            | #5886E1| no, config lang                   |                                                                  | | | | | | | | | | |                  64|                
CWeb                           | #00007a| no                                |                                                                  | | | | | | | | | | |                  65|                
Cadence                        | #00ef8b| no                                |                                                                  | | | | | | | | | | |                  66|                
Cairo                          | #ff4a48| no                                |                                                                  | | | | | | | | | | |                  67|                
Cairo Zero                     | #ff4a48| no                                |                                                                  | | | | | | | | | | |                  68|                
CameLIGO                       | #3be133| yes                               |                                                                  | | | | | | | | | | |                  69|                
Cap'n Proto                    | #c42727| no, schema                        |                                                                  | | | | | | | | | | |                  71|                
Carbon                         | #222222| yes                               |                                                                  | | | | | | | | | | |                  72|                
Ceylon                         | #dfa535| yes                               |                                                                  | | | | | | | | | | |                  73|                
Chapel                         | #8dc63f| yes                               |                                                                  | | | | | | | | | | |                  74|                
ChucK                          | #3f8000| yes                               |                                                                  | | | | | | | | | | |                  75|                
Circom                         | #707575| no                                |                                                                  | | | | | | | | | | |                  76|                
Cirru                          | #ccccff| no                                |                                                                  | | | | | | | | | | |                  77|                
Clarion                        | #db901e| no                                |                                                                  | | | | | | | | | | |                  78|                
Clarity                        | #5546ff| yes                               |                                                                  | | | | | | | | | | |                  79|                
Classic ASP                    | #6a40fd| no                                |                                                                  | | | | | | | | | | |                  80|                
Clean                          | #3F85AF| yes                               |                                                                  | | | | | | | | | | |                  81|                
Click                          | #E4E6F3| no                                |                                                                  | | | | | | | | | | |                  82|                
Clojure                        | #db5855| yes                               |                                                                  | | | | | | | | | | |                  83|                
Clue                           | #0009b5| yes                               |                                                                  | | | | | | | | | | |                  84|                
CodeQL                         | #140f46| no, query lang                    |                                                                  | | | | | | | | | | |                  85|                
CoffeeScript                   | #244776| yes                               |                                                                  | | | | | | | | | | |                  86|                
ColdFusion                     | #ed2cd6| yes                               |                                                                  | | | | | | | | | | |                  87|                
ColdFusion CFC                 | #ed2cd6| yes                               |                                                                  | | | | | | | | | | |                  88|                
Common Lisp                    | #3fb68b| yes                               |                                                                  | | | | | | | | | | |                  89|                
Common Workflow Language       | #B5314C| no                                |                                                                  | | | | | | | | | | |                  90|                
Component Pascal               | #B0CE4E| no                                |                                                                  | | | | | | | | | | |                  91|                
Csound                         | #1a1a1a| no                                |                                                                  | | | | | | | | | | |                  93|                
Csound Document                | #1a1a1a| no                                |                                                                  | | | | | | | | | | |                  94|                
Csound Score                   | #1a1a1a| no                                |                                                                  | | | | | | | | | | |                  95|                
Cuda                           | #3A4E3A| yes                               |                                                                  | | | | | | | | | | |                  96|                
Curry                          | #531242| yes                               |                                                                  | | | | | | | | | | |                  97|                
Cypher                         | #34c0eb| no, query lang                    |                                                                  | | | | | | | | | | |                  98|                
Cython                         | #fedf5b| yes                               |                                                                  | | | | | | | | | | |                  99|                
DM                             | #447265| no                                |                                                                  | | | | | | | | | | |                 101|                
Dafny                          | #FFEC25| yes                               |                                                                  | | | | | | | | | | |                 102|                
Daslang                        | #d3d3d3| yes                               |                                                                  | | | | | | | | | | |                 104|                
DataWeave                      | #003a52| yes                               |                                                                  | | | | | | | | | | |                 105|                
DenizenScript                  | #FBEE96| no                                |                                                                  | | | | | | | | | | |                 106|                
Dhall                          | #dfafff| yes                               |                                                                  | | | | | | | | | | |                 107|                
Dockerfile                     | #384d54| no, config                        |                                                                  | | | | | | | | | | |                 108|                
Dogescript                     | #cca760| yes                               |                                                                  | | | | | | | | | | |                 109|                
Dune                           | #89421e| no, build system                  |                                                                  | | | | | | | | | | |                 110|                
Dylan                          | #6c616e| yes                               |                                                                  | | | | | | | | | | |                 111|                
E                              | #ccce35| yes                               |                                                                  | | | | | | | | | | |                 112|                
ECL                            | #8a1267| no                                |                                                                  | | | | | | | | | | |                 113|                
ECLiPSe                        | #001d9d| yes                               |                                                                  | | | | | | | | | | |                 114|                
EQ                             | #a78649| no                                |                                                                  | | | | | | | | | | |                 115|                
Earthly                        | #2af0ff| no                                |                                                                  | | | | | | | | | | |                 116|                
EdgeQL                         | #31A7FF| no, query lang                    |                                                                  | | | | | | | | | | |                 117|                
Eiffel                         | #4d6977| yes                               |                                                                  | | | | | | | | | | |                 118|                
Elm                            | #60B5CC| yes                               |                                                                  | | | | | | | | | | |                 120|                
Elvish Transcript              | #55BB55| no                                |                                                                  | | | | | | | | | | |                 122|                
Emacs Lisp                     | #c065db| yes                               |                                                                  | | | | | | | | | | |                 123|                
EmberScript                    | #FFF4F3| yes                               |                                                                  | | | | | | | | | | |                 124|                
Euphoria                       | #FF790B| no                                |                                                                  | | | | | | | | | | |                 126|                
F#                             | #b845fc| yes                               |                                                                  | | | | | | | | | | |                 127|                
F*                             | #572e30| yes                               |                                                                  | | | | | | | | | | |                 128|                
FIRRTL                         | #2f632f| no                                |                                                                  | | | | | | | | | | |                 129|                
FLUX                           | #88ccff| no                                |                                                                  | | | | | | | | | | |                 130|                
FPP                            | #d37327| no                                |                                                                  | | | | | | | | | | |                 131|                
Factor                         | #636746| yes                               |                                                                  | | | | | | | | | | |                 132|                
Fancy                          | #7b9db4| yes                               |                                                                  | | | | | | | | | | |                 133|                
Fantom                         | #14253c| yes                               |                                                                  | | | | | | | | | | |                 134|                
Faust                          | #c37240| yes                               |                                                                  | | | | | | | | | | |                 135|                
Fennel                         | #fff3d7| yes                               |                                                                  | | | | | | | | | | |                 136|                
Filebench WML                  | #F6B900| no                                |                                                                  | | | | | | | | | | |                 137|                
Flix                           | #d44a45| yes                               |                                                                  | | | | | | | | | | |                 138|                
Fluent                         | #ffcc33| no                                |                                                                  | | | | | | | | | | |                 139|                
Forth                          | #341708| no                                |                                                                  | | | | | | | | | | |                 140|                
Fortran                        | #4d41b1| no                                |                                                                  | | | | | | | | | | |                 141|                
Fortran Free Form              | #4d41b1| no                                |                                                                  | | | | | | | | | | |                 142|                
FreeBASIC                      | #141AC9| no                                |                                                                  | | | | | | | | | | |                 143|                
FreeMarker                     | #0050b2| yes                               |                                                                  | | | | | | | | | | |                 144|                
Frege                          | #00cafe| yes                               |                                                                  | | | | | | | | | | |                 145|                
Futhark                        | #5f021f| yes                               |                                                                  | | | | | | | | | | |                 146|                
G-code                         | #D08CF2| no                                |                                                                  | | | | | | | | | | |                 147|                
GAML                           | #FFC766| no                                |                                                                  | | | | | | | | | | |                 148|                
GAMS                           | #f49a22| no                                |                                                                  | | | | | | | | | | |                 149|                
GAP                            | #0000cc| yes                               |                                                                  | | | | | | | | | | |                 150|                
GCC Machine Description        | #FFCFAB| no                                |                                                                  | | | | | | | | | | |                 151|                
GDShader                       | #478CBF| no, shader                        |                                                                  | | | | | | | | | | |                 153|                
GLSL                           | #5686a5| no, shader                        |                                                                  | | | | | | | | | | |                 154|                
GSC                            | #FF6800| no                                |                                                                  | | | | | | | | | | |                 155|                
Game Maker Language            | #71b417| yes                               |                                                                  | | | | | | | | | | |                 156|                
Genero 4gl                     | #63408e| no                                |                                                                  | | | | | | | | | | |                 157|                
Genie                          | #fb855d| yes                               |                                                                  | | | | | | | | | | |                 158|                
Genshi                         | #951531| no                                |                                                                  | | | | | | | | | | |                 159|                
Gentoo Ebuild                  | #9400ff| no                                |                                                                  | | | | | | | | | | |                 160|                
Gentoo Eclass                  | #9400ff| no                                |                                                                  | | | | | | | | | | |                 161|                
Gherkin                        | #5B2063| no                                |                                                                  | | | | | | | | | | |                 162|                
Glimmer JS                     | #F5835F| yes                               |                                                                  | | | | | | | | | | |                 164|                
Glimmer TS                     | #3178c6| yes                               |                                                                  | | | | | | | | | | |                 165|                
Glyph                          | #c1ac7f| no                                |                                                                  | | | | | | | | | | |                 166|                
Gno                            | #226c57| yes                               |                                                                  | | | | | | | | | | |                 167|                
Gnuplot                        | #f0a9f0| no                                |                                                                  | | | | | | | | | | |                 168|                
Golo                           | #88562A| yes                               |                                                                  | | | | | | | | | | |                 170|                
Gosu                           | #82937f| yes                               |                                                                  | | | | | | | | | | |                 171|                
Grace                          | #615f8b| yes                               |                                                                  | | | | | | | | | | |                 172|                
Grammatical Framework          | #ff0000| yes                               |                                                                  | | | | | | | | | | |                 173|                
Groovy Server Pages            | #4298b8| no                                |                                                                  | | | | | | | | | | |                 175|                
HCL                            | #844FBA| no                                |                                                                  | | | | | | | | | | |                 176|                
HIP                            | #4F3A4F| yes                               |                                                                  | | | | | | | | | | |                 177|                
HLSL                           | #aace60| no, shader                        |                                                                  | | | | | | | | | | |                 178|                
Hack                           | #878787| yes                               |                                                                  | | | | | | | | | | |                 179|                
Harbour                        | #0e60e3| no                                |                                                                  | | | | | | | | | | |                 180|                
Hare                           | #9d7424| no                                |                                                                  | | | | | | | | | | |                 181|                
Haskell                        | #5e5086| yes                               |                                                                  | | | | | | | | | | |                 182|                
Haxe                           | #df7900| yes                               |                                                                  | | | | | | | | | | |                 183|                
HiveQL                         | #dce200| no, query lang                    |                                                                  | | | | | | | | | | |                 184|                
HolyC                          | #ffefaf| no                                |                                                                  | | | | | | | | | | |                 185|                
Hurl                           | #FF0288| no                                |                                                                  | | | | | | | | | | |                 186|                
Hy                             | #7790B2| yes                               |                                                                  | | | | | | | | | | |                 187|                
IDL                            | #a3522f| no                                |                                                                  | | | | | | | | | | |                 188|                
IGOR Pro                       | #0000cc| no                                |                                                                  | | | | | | | | | | |                 189|                
IL Assembly                    | #512BD4| no                                |                                                                  | | | | | | | | | | |                 190|                
ISPC                           | #2D68B1| no                                |                                                                  | | | | | | | | | | |                 191|                
Idris                          | #b30000| yes                               |                                                                  | | | | | | | | | | |                 192|                
ImHex Pattern Language         | #3a6be0| no                                |                                                                  | | | | | | | | | | |                 193|                
ImageJ Macro                   | #99AAFF| no                                |                                                                  | | | | | | | | | | |                 194|                
Imba                           | #16cec6| yes                               |                                                                  | | | | | | | | | | |                 195|                
Inno Setup                     | #264b99| no                                |                                                                  | | | | | | | | | | |                 196|                
Io                             | #a9188d| yes                               |                                                                  | | | | | | | | | | |                 197|                
Ioke                           | #078193| yes                               |                                                                  | | | | | | | | | | |                 198|                
Isabelle                       | #FEFE00| no                                |                                                                  | | | | | | | | | | |                 199|                
Isabelle ROOT                  | #FEFE00| no                                |                                                                  | | | | | | | | | | |                 200|                
J                              | #9EEDFF| yes                               |                                                                  | | | | | | | | | | |                 201|                
JASS                           | #FF0303| no                                |                                                                  | | | | | | | | | | |                 202|                
JCL                            | #d90e09| no                                |                                                                  | | | | | | | | | | |                 203|                
JFlex                          | #DBCA00| no                                |                                                                  | | | | | | | | | | |                 204|                
JSONiq                         | #40d47e| yes                               |                                                                  | | | | | | | | | | |                 205|                
Jac                            | #FC792D| no                                |                                                                  | | | | | | | | | | |                 206|                
Jai                            | #ab8b4b| yes                               |                                                                  | | | | | | | | | | |                 207|                
Janet                          | #0886a5| yes                               |                                                                  | | | | | | | | | | |                 208|                
Jasmin                         | #d03600| no                                |                                                                  | | | | | | | | | | |                 209|                
Java Server Pages              | #2A6277| no                                |                                                                  | | | | | | | | | | |                 211|                
Java Template Engine           | #2A6277| no                                |                                                                  | | | | | | | | | | |                 212|                
JavaScript+ERB                 | #f1e05a| yes                               |                                                                  | | | | | | | | | | |                 214|                
JetBrains MPS                  | #21D789| yes                               |                                                                  | | | | | | | | | | |                 215|                
Jison                          | #56b3cb| no                                |                                                                  | | | | | | | | | | |                 216|                
Jison Lex                      | #56b3cb| no                                |                                                                  | | | | | | | | | | |                 217|                
Jolie                          | #843179| no                                |                                                                  | | | | | | | | | | |                 218|                
Jsonnet                        | #0064bd| yes                               |                                                                  | | | | | | | | | | |                 219|                
Julia REPL                     | #a270ba| yes                               |                                                                  | | | | | | | | | | |                 221|                
Just                           | #384d54| no, runner                        |                                                                  | | | | | | | | | | |                 222|                
KCL                            | #7ABABF| no                                |                                                                  | | | | | | | | | | |                 223|                
KFramework                     | #4195c5| no                                |                                                                  | | | | | | | | | | |                 224|                
KRL                            | #28430A| no                                |                                                                  | | | | | | | | | | |                 225|                
Kaitai Struct                  | #773b37| no                                |                                                                  | | | | | | | | | | |                 226|                
KakouneScript                  | #6f8042| no                                |                                                                  | | | | | | | | | | |                 227|                
KerboScript                    | #41adf0| yes                               |                                                                  | | | | | | | | | | |                 228|                
KoLmafia ASH                   | #B9D9B9| no                                |                                                                  | | | | | | | | | | |                 229|                
Koka                           | #215166| yes                               |                                                                  | | | | | | | | | | |                 230|                
LFE                            | #4C3023| yes                               |                                                                  | | | | | | | | | | |                 232|                
LLVM                           | #185619| no                                |                                                                  | | | | | | | | | | |                 233|                
LOLCODE                        | #cc9900| no                                |                                                                  | | | | | | | | | | |                 234|                
LSL                            | #3d9970| no                                |                                                                  | | | | | | | | | | |                 235|                
LabVIEW                        | #fede06| yes                               |                                                                  | | | | | | | | | | |                 236|                
Lambdapi                       | #8027a3| yes                               |                                                                  | | | | | | | | | | |                 237|                
Langium                        | #2c8c87| no                                |                                                                  | | | | | | | | | | |                 238|                
Lasso                          | #999999| yes                               |                                                                  | | | | | | | | | | |                 239|                
Leo                            | #C4FFC2| no                                |                                                                  | | | | | | | | | | |                 240|                
Lex                            | #DBCA00| no                                |                                                                  | | | | | | | | | | |                 241|                
LigoLANG                       | #0e74ff| yes                               |                                                                  | | | | | | | | | | |                 242|                
LilyPond                       | #9ccc7c| no                                |                                                                  | | | | | | | | | | |                 243|                
Liquidsoap                     | #990066| yes                               |                                                                  | | | | | | | | | | |                 244|                
Literate Agda                  | #315665| yes                               |                                                                  | | | | | | | | | | |                 245|                
Literate CoffeeScript          | #244776| yes                               |                                                                  | | | | | | | | | | |                 246|                
Literate Haskell               | #5e5086| yes                               |                                                                  | | | | | | | | | | |                 247|                
LiveCode Script                | #0c5ba5| no                                |                                                                  | | | | | | | | | | |                 248|                
LiveScript                     | #499886| yes                               |                                                                  | | | | | | | | | | |                 249|                
Lobster                        | #f95428| yes                               |                                                                  | | | | | | | | | | |                 250|                
Logtalk                        | #295b9a| yes                               |                                                                  | | | | | | | | | | |                 251|                
LookML                         | #652B81| no                                |                                                                  | | | | | | | | | | |                 252|                
Luau                           | #00A2FF| yes                               |                                                                  | | | | | | | | | | |                 254|                
MAXScript                      | #00a6a6| yes                               |                                                                  | | | | | | | | | | |                 256|                
MLIR                           | #5EC8DB| no                                |                                                                  | | | | | | | | | | |                 257|                
MQL4                           | #62A8D6| no                                |                                                                  | | | | | | | | | | |                 258|                
MQL5                           | #4A76B8| no                                |                                                                  | | | | | | | | | | |                 259|                
Macaulay2                      | #d8ffff| yes                               |                                                                  | | | | | | | | | | |                 260|                
Makefile                       | #427819| no                                |                                                                  | | | | | | | | | | |                 261|                
Mako                           | #7e858d| yes                               |                                                                  | | | | | | | | | | |                 262|                
Mathematical Programming System| #0530ad| no                                |                                                                  | | | | | | | | | | |                 263|                
Max                            | #c4a79c| no                                |                                                                  | | | | | | | | | | |                 264|                
MeTTa                          | #6a5acd| yes                               |                                                                  | | | | | | | | | | |                 265|                
Mercury                        | #ff2b2b| no                                |                                                                  | | | | | | | | | | |                 266|                
Meson                          | #007800| no                                |                                                                  | | | | | | | | | | |                 267|                
Metal                          | #8f14e9| no                                |                                                                  | | | | | | | | | | |                 268|                
MiniScript                     | #4B4A56| yes                               |                                                                  | | | | | | | | | | |                 269|                
MiniZinc                       | #06a9e6| no                                |                                                                  | | | | | | | | | | |                 270|                
Mint                           | #02b046| yes                               |                                                                  | | | | | | | | | | |                 271|                
Mirah                          | #c7a938| yes                               |                                                                  | | | | | | | | | | |                 272|                
Modelica                       | #de1d31| no                                |                                                                  | | | | | | | | | | |                 273|                
Modula-2                       | #10253f| no                                |                                                                  | | | | | | | | | | |                 274|                
Modula-3                       | #223388| no                                |                                                                  | | | | | | | | | | |                 275|                
Mojo                           | #ff4c1f| yes                               |                                                                  | | | | | | | | | | |                 276|                
Monkey C                       | #8D6747| no                                |                                                                  | | | | | | | | | | |                 277|                
MoonBit                        | #b92381| yes                               |                                                                  | | | | | | | | | | |                 278|                
MoonScript                     | #ff4585| yes                               |                                                                  | | | | | | | | | | |                 279|                
Motoko                         | #fbb03b| yes                               |                                                                  | | | | | | | | | | |                 280|                
Motorola 68K Assembly          | #005daa| no                                |                                                                  | | | | | | | | | | |                 281|                
Move                           | #4a137a| yes                               |                                                                  | | | | | | | | | | |                 282|                
NCL                            | #28431f| no                                |                                                                  | | | | | | | | | | |                 283|                
NMODL                          | #00356B| no                                |                                                                  | | | | | | | | | | |                 284|                
NWScript                       | #111522| no                                |                                                                  | | | | | | | | | | |                 285|                
Nasal                          | #1d2c4e| yes                               |                                                                  | | | | | | | | | | |                 286|                
Nearley                        | #990000| no                                |                                                                  | | | | | | | | | | |                 287|                
Nemerle                        | #3d3c6e| yes                               |                                                                  | | | | | | | | | | |                 288|                
NetLinx                        | #0aa0ff| no                                |                                                                  | | | | | | | | | | |                 289|                
NetLinx+ERB                    | #747faa| no                                |                                                                  | | | | | | | | | | |                 290|                
NetLogo                        | #ff6375| yes                               |                                                                  | | | | | | | | | | |                 291|                
NewLisp                        | #87AED7| yes                               |                                                                  | | | | | | | | | | |                 292|                
Nextflow                       | #3ac486| yes                               |                                                                  | | | | | | | | | | |                 293|                
Nickel                         | #E0C3FC| yes                               |                                                                  | | | | | | | | | | |                 294|                
Nit                            | #009917| yes                               |                                                                  | | | | | | | | | | |                 296|                
Noir                           | #2f1f49| no                                |                                                                  | | | | | | | | | | |                 298|                
NumPy                          | #9C8AF9| no, library                       |                                                                  | | | | | | | | | | |                 300|                
Nushell                        | #4E9906| yes                               |                                                                  | | | | | | | | | | |                 301|                
OMNeT++ MSG                    | #a0e0a0| no                                |                                                                  | | | | | | | | | | |                 303|                
OMNeT++ NED                    | #08607c| no                                |                                                                  | | | | | | | | | | |                 304|                
ObjectScript                   | #424893| yes                               |                                                                  | | | | | | | | | | |                 305|                
Objective-C++                  | #6866fb| yes                               |                                                                  | | | | | | | | | | |                 307|                
Objective-J                    | #ff0c5a| yes                               |                                                                  | | | | | | | | | | |                 308|                
Omgrofl                        | #cabbff| no                                |                                                                  | | | | | | | | | | |                 310|                
Opal                           | #f7ede0| yes                               |                                                                  | | | | | | | | | | |                 311|                
Open Policy Agent              | #7d9199| no                                |                                                                  | | | | | | | | | | |                 312|                
OpenCL                         | #ed2e2d| no                                |                                                                  | | | | | | | | | | |                 313|                
OpenEdge ABL                   | #5ce600| no                                |                                                                  | | | | | | | | | | |                 314|                
OpenQASM                       | #AA70FF| no                                |                                                                  | | | | | | | | | | |                 315|                
OpenSCAD                       | #e5cd45| no                                |                                                                  | | | | | | | | | | |                 316|                
OverPy                         | #78b355| no                                |                                                                  | | | | | | | | | | |                 317|                
OverpassQL                     | #cce2aa| no                                |                                                                  | | | | | | | | | | |                 318|                
Oxygene                        | #cdd0e3| yes                               |                                                                  | | | | | | | | | | |                 319|                
Oz                             | #fab738| yes                               |                                                                  | | | | | | | | | | |                 320|                
P4                             | #7055b5| no                                |                                                                  | | | | | | | | | | |                 321|                
PDDL                           | #0d00ff| no                                |                                                                  | | | | | | | | | | |                 322|                
PEG.js                         | #234d6b| no                                |                                                                  | | | | | | | | | | |                 323|                
PLSQL                          | #dad8d8| no                                |                                                                  | | | | | | | | | | |                 325|                
PLpgSQL                        | #336790| no                                |                                                                  | | | | | | | | | | |                 326|                
POV-Ray SDL                    | #6bac65| no                                |                                                                  | | | | | | | | | | |                 327|                
Pact                           | #F7A8B8| yes                               |                                                                  | | | | | | | | | | |                 328|                
Pan                            | #cc0000| no                                |                                                                  | | | | | | | | | | |                 329|                
Papyrus                        | #6600cc| no                                |                                                                  | | | | | | | | | | |                 330|                
Parrot                         | #f3ca0a| yes                               |                                                                  | | | | | | | | | | |                 331|                
Pascal                         | #E3F171| no                                |                                                                  | | | | | | | | | | |                 332|                
Pawn                           | #dbb284| no                                |                                                                  | | | | | | | | | | |                 333|                
Pep8                           | #C76F5B| no                                |                                                                  | | | | | | | | | | |                 334|                
PicoLisp                       | #6067af| yes                               |                                                                  | | | | | | | | | | |                 336|                
PigLatin                       | #fcd7de| no                                |                                                                  | | | | | | | | | | |                 337|                
Pkl                            | #6b9543| yes                               |                                                                  | | | | | | | | | | |                 339|                
PogoScript                     | #d80074| yes                               |                                                                  | | | | | | | | | | |                 340|                
Polar                          | #ae81ff| no                                |                                                                  | | | | | | | | | | |                 341|                
Portugol                       | #f8bd00| no                                |                                                                  | | | | | | | | | | |                 342|                
Power Query                    | #d38e0d| yes                               |                                                                  | | | | | | | | | | |                 343|                
PowerBuilder                   | #8f0f8d| no                                |                                                                  | | | | | | | | | | |                 344|                
Praat                          | #c8506d| no                                |                                                                  | | | | | | | | | | |                 346|                
Pro*C                          | #bb8368| no                                |                                                                  | | | | | | | | | | |                 347|                
Processing                     | #0096D8| yes                               |                                                                  | | | | | | | | | | |                 348|                
Procfile                       | #3B2F63| no                                |                                                                  | | | | | | | | | | |                 349|                
Prolog                         | #74283c| no                                |                                                                  | | | | | | | | | | |                 350|                
Promela                        | #de0000| no                                |                                                                  | | | | | | | | | | |                 351|                
Propeller Spin                 | #7fa2a7| no                                |                                                                  | | | | | | | | | | |                 352|                
Puppet                         | #302B6D| no                                |                                                                  | | | | | | | | | | |                 353|                
PureBasic                      | #5a6986| no                                |                                                                  | | | | | | | | | | |                 354|                
PureScript                     | #1D222D| yes                               |                                                                  | | | | | | | | | | |                 355|                
Pyret                          | #ee1e10| yes                               |                                                                  | | | | | | | | | | |                 356|                
Python console                 | #3572A5| yes                               |                                                                  | | | | | | | | | | |                 358|                
Q#                             | #fed659| yes                               |                                                                  | | | | | | | | | | |                 359|                
QML                            | #44a51c| yes                               |                                                                  | | | | | | | | | | |                 360|                
Qt Script                      | #00b841| yes                               |                                                                  | | | | | | | | | | |                 361|                
Quake                          | #882233| no                                |                                                                  | | | | | | | | | | |                 362|                
QuakeC                         | #975777| no                                |                                                                  | | | | | | | | | | |                 363|                
QuickBASIC                     | #008080| no                                |                                                                  | | | | | | | | | | |                 364|                
Quint                          | #9d6ce5| yes                               |                                                                  | | | | | | | | | | |                 365|                
RAScript                       | #2C97FA| no                                |                                                                  | | | | | | | | | | |                 367|                
REXX                           | #d90e09| no                                |                                                                  | | | | | | | | | | |                 368|                
RPGLE                          | #2BDE21| no                                |                                                                  | | | | | | | | | | |                 369|                
Racket                         | #3c5caa| yes                               |                                                                  | | | | | | | | | | |                 370|                
Ragel                          | #9d5200| no                                |                                                                  | | | | | | | | | | |                 371|                
Rascal                         | #fffaa0| yes                               |                                                                  | | | | | | | | | | |                 373|                
ReScript                       | #ed5051| yes                               |                                                                  | | | | | | | | | | |                 374|                
Reason                         | #ff5847| yes                               |                                                                  | | | | | | | | | | |                 375|                
ReasonLIGO                     | #ff5847| yes                               |                                                                  | | | | | | | | | | |                 376|                
Rebol                          | #358a5b| yes                               |                                                                  | | | | | | | | | | |                 377|                
Red                            | #f50000| yes                               |                                                                  | | | | | | | | | | |                 378|                
Redscript                      | #f44336| no                                |                                                                  | | | | | | | | | | |                 379|                
Ren'Py                         | #ff7f7f| yes                               |                                                                  | | | | | | | | | | |                 380|                
Rez                            | #FFDAB3| no                                |                                                                  | | | | | | | | | | |                 381|                
Ring                           | #2D54CB| yes                               |                                                                  | | | | | | | | | | |                 382|                
RobotFramework                 | #00c0b5| no                                |                                                                  | | | | | | | | | | |                 383|                
Roc                            | #7c38f5| yes                               |                                                                  | | | | | | | | | | |                 384|                
Rocq Prover                    | #d0b68c| no                                |                                                                  | | | | | | | | | | |                 385|                
Rouge                          | #cc0088| no                                |                                                                  | | | | | | | | | | |                 386|                
RouterOS Script                | #DE3941| no                                |                                                                  | | | | | | | | | | |                 387|                
SAS                            | #B34936| no                                |                                                                  | | | | | | | | | | |                 390|                
SIP                            | #4E8D83| no                                |                                                                  | | | | | | | | | | |                 391|                
SQF                            | #3F3F3F| no                                |                                                                  | | | | | | | | | | |                 392|                
SQLPL                          | #e38c00| no                                |                                                                  | | | | | | | | | | |                 393|                
Sail                           | #259dd5| no                                |                                                                  | | | | | | | | | | |                 394|                
Salt                           | #57bcad| no                                |                                                                  | | | | | | | | | | |                 395|                
Scenic                         | #fdc700| no                                |                                                                  | | | | | | | | | | |                 397|                
Scheme                         | #1e4aec| yes                               |                                                                  | | | | | | | | | | |                 398|                
Scilab                         | #ca0f21| no                                |                                                                  | | | | | | | | | | |                 399|                
Self                           | #0579aa| yes                               |                                                                  | | | | | | | | | | |                 400|                
ShaderLab                      | #222c37| no                                |                                                                  | | | | | | | | | | |                 401|                
Shell                          | #89e051| no                                |                                                                  | | | | | | | | | | |                 402|                
Shen                           | #120F14| yes                               |                                                                  | | | | | | | | | | |                 403|                
Singularity                    | #64E6AD| no                                |                                                                  | | | | | | | | | | |                 404|                
Slang                          | #1fbec9| yes                               |                                                                  | | | | | | | | | | |                 405|                
Slash                          | #007eff| yes                               |                                                                  | | | | | | | | | | |                 406|                
Slice                          | #003fa2| no                                |                                                                  | | | | | | | | | | |                 407|                
SmPL                           | #c94949| no                                |                                                                  | | | | | | | | | | |                 408|                
Smarty                         | #f0c040| no                                |                                                                  | | | | | | | | | | |                 410|                
Smithy                         | #c44536| no                                |                                                                  | | | | | | | | | | |                 411|                
Snakemake                      | #419179| no                                |                                                                  | | | | | | | | | | |                 412|                
Solidity                       | #AA6746| no                                |                                                                  | | | | | | | | | | |                 413|                
SourcePawn                     | #f69e1d| no                                |                                                                  | | | | | | | | | | |                 414|                
Squirrel                       | #800000| yes                               |                                                                  | | | | | | | | | | |                 415|                
Stan                           | #b2011d| no                                |                                                                  | | | | | | | | | | |                 416|                
Standard ML                    | #dc566d| yes                               |                                                                  | | | | | | | | | | |                 417|                
Starlark                       | #76d275| yes                               |                                                                  | | | | | | | | | | |                 418|                
Stata                          | #1a5f91| no                                |                                                                  | | | | | | | | | | |                 419|                
SuperCollider                  | #46390b| yes                               |                                                                  | | | | | | | | | | |                 420|                
SurrealQL                      | #ff00a0| no                                |                                                                  | | | | | | | | | | |                 421|                
Sway                           | #00F58C| yes                               |                                                                  | | | | | | | | | | |                 422|                
SystemVerilog                  | #DAE1C2| no                                |                                                                  | | | | | | | | | | |                 424|                
TI Program                     | #A0AA87| no                                |                                                                  | | | | | | | | | | |                 425|                
TL-Verilog                     | #C40023| no                                |                                                                  | | | | | | | | | | |                 426|                
TLA                            | #4b0079| no                                |                                                                  | | | | | | | | | | |                 427|                
TSQL                           | #e38c00| no                                |                                                                  | | | | | | | | | | |                 428|                
TSX                            | #3178c6| yes                               |                                                                  | | | | | | | | | | |                 429|                
TXL                            | #0178b8| no                                |                                                                  | | | | | | | | | | |                 430|                
Tact                           | #48b5ff| no                                |                                                                  | | | | | | | | | | |                 431|                
Talon                          | #333333| no                                |                                                                  | | | | | | | | | | |                 432|                
Teal                           | #00B1BC| yes                               |                                                                  | | | | | | | | | | |                 434|                
Terra                          | #00004c| yes                               |                                                                  | | | | | | | | | | |                 435|                
Thrift                         | #D12127| no                                |                                                                  | | | | | | | | | | |                 436|                
Toit                           | #c2c9fb| yes                               |                                                                  | | | | | | | | | | |                 437|                
Tolk                           | #30A1F5| no                                |                                                                  | | | | | | | | | | |                 438|                
Tree-sitter Query              | #8ea64c| no                                |                                                                  | | | | | | | | | | |                 439|                
Turing                         | #cf142b| no                                |                                                                  | | | | | | | | | | |                 440|                
TypeScript                     | #3178c6| yes                               |                                                                  | | | | | | | | | | |                 441|                
TypeSpec                       | #4A3665| no                                |                                                                  | | | | | | | | | | |                 442|                
Unified Parallel C             | #4e3617| no                                |                                                                  | | | | | | | | | | |                 444|                
Uno                            | #9933cc| no                                |                                                                  | | | | | | | | | | |                 445|                
UnrealScript                   | #a54c4d| no                                |                                                                  | | | | | | | | | | |                 446|                
Untyped Plutus Core            | #36adbd| no                                |                                                                  | | | | | | | | | | |                 447|                
UrWeb                          | #ccccee| yes                               |                                                                  | | | | | | | | | | |                 448|                
VBA                            | #867db1| no                                |                                                                  | | | | | | | | | | |                 450|                
VBScript                       | #15dcdc| no                                |                                                                  | | | | | | | | | | |                 451|                
VCL                            | #148AA8| no                                |                                                                  | | | | | | | | | | |                 452|                
VHDL                           | #adb2cb| no                                |                                                                  | | | | | | | | | | |                 453|                
Verilog                        | #b2b7f8| no                                |                                                                  | | | | | | | | | | |                 455|                
Verse                          | #518ef8| yes                               |                                                                  | | | | | | | | | | |                 456|                
Visual Basic 6.0               | #2c6353| no                                |                                                                  | | | | | | | | | | |                 459|                
Volt                           | #1F1F1F| yes                               |                                                                  | | | | | | | | | | |                 460|                
Vyper                          | #9F4CF2| no                                |                                                                  | | | | | | | | | | |                 461|                
WDL                            | #42f1f4| no                                |                                                                  | | | | | | | | | | |                 462|                
WGSL                           | #1a5e9a| no                                |                                                                  | | | | | | | | | | |                 463|                
WebAssembly                    | #04133b| no                                |                                                                  | | | | | | | | | | |                 464|                
Whiley                         | #d5c397| no                                |                                                                  | | | | | | | | | | |                 465|                
Witcher Script                 | #ff0000| no                                |                                                                  | | | | | | | | | | |                 466|                
Wollok                         | #a23738| no                                |                                                                  | | | | | | | | | | |                 468|                
X10                            | #4B6BEF| yes                               |                                                                  | | | | | | | | | | |                 470|                
XC                             | #99DA07| no                                |                                                                  | | | | | | | | | | |                 471|                
XQuery                         | #5232e7| no                                |                                                                  | | | | | | | | | | |                 472|                
XSLT                           | #EB8CEB| no                                |                                                                  | | | | | | | | | | |                 473|                
Xmake                          | #22a079| no                                |                                                                  | | | | | | | | | | |                 474|                
Xojo                           | #81bd41| no                                |                                                                  | | | | | | | | | | |                 475|                
Xonsh                          | #285EEF| yes                               |                                                                  | | | | | | | | | | |                 476|                
Xtend                          | #24255d| yes                               |                                                                  | | | | | | | | | | |                 477|                
YARA                           | #220000| no                                |                                                                  | | | | | | | | | | |                 478|                
Yacc                           | #4B6C4B| no                                |                                                                  | | | | | | | | | | |                 479|                
Yul                            | #794932| no                                |                                                                  | | | | | | | | | | |                 480|                
ZAP                            | #0d665e| no                                |                                                                  | | | | | | | | | | |                 481|                
ZIL                            | #dc75e5| no                                |                                                                  | | | | | | | | | | |                 482|                
ZenScript                      | #00BCD1| no                                |                                                                  | | | | | | | | | | |                 483|                
Zephir                         | #118f9e| yes                               |                                                                  | | | | | | | | | | |                 484|                
Zimpl                          | #d67711| no                                |                                                                  | | | | | | | | | | |                 486|                
eC                             | #913960| yes                               |                                                                  | | | | | | | | | | |                 487|                
fish                           | #4aae47| no                                |                                                                  | | | | | | | | | | |                 488|                
hoon                           | #00b171| yes                               |                                                                  | | | | | | | | | | |                 489|                
jq                             | #c7254e| no                                |                                                                  | | | | | | | | | | |                 490|                
mIRC Script                    | #3d57c3| no                                |                                                                  | | | | | | | | | | |                 491|                
mcfunction                     | #E22837| no                                |                                                                  | | | | | | | | | | |                 492|                
mupad                          | #244963| no                                |                                                                  | | | | | | | | | | |                 493|                
nesC                           | #94B0C7| no                                |                                                                  | | | | | | | | | | |                 494|                
ooc                            | #b0b77e| yes                               |                                                                  | | | | | | | | | | |                 495|                
q                              | #0040cd| yes                               |                                                                  | | | | | | | | | | |                 496|                
sed                            | #64b970| no                                |                                                                  | | | | | | | | | | |                 497|                
ucode                          | #00b8d4| yes                               |                                                                  | | | | | | | | | | |                 498|                
wisp                           | #7582D1| yes                               |                                                                  | | | | | | | | | | |                 499|                
xBase                          | #403a40| no                                |                                                                  | | | | | | | | | | |                 500|                